stimulus,70,119,6,56,118,103,102,110,51,98,88,123,53,9,19,4,117,31,52,65,1,3,8,10,12,13,15,17,20,21,22,23,29,35,38,42,45,46,50,54,58,59,60,62,66,67,68,72,78,81,83,85,86,87,90,93,95,105,113,114,120,121,122,126,127,131,133,136,137,139,140,142
70,0.0,12.474607257166252,14.710942117834673,13.245094120343602,12.371400709860026,12.918498062888135,11.958554433818815,13.430165936089864,12.949261501043244,11.836653876185899,12.512300729479922,12.7738369098663,13.802539062829526,12.91348602879505,15.407102437281713,11.658017296167175,17.597050498192086,6.113581513376382,18.77200496001837,15.193493140348354,6.4592490314440685,11.849108830925713,13.112876606054895,6.7363173157444365,12.125012673681788,12.27124615187382,13.375299314843474,11.728127355848226,13.671887353872942,12.068213287673219,13.412631165939807,15.581284769928525,12.841227762892984,13.140050373413002,11.10344697005981,11.963001717866982,7.596746570174177,7.7035512186408575,12.584259015622376,12.213353029082079,13.431217665855627,12.231487031931016,13.13459705991758,12.85281010271635,12.899517263997119,11.925839634058772,11.344605115404988,13.50062282991559,7.943584905905846,12.478157190801006,6.873995227517885,5.979277216909409,11.772822666496886,9.386002480009187,13.308345692812418,10.743121049855993,12.275319552943095,12.250243067920428,12.083348409276267,12.015499922207116,6.185700354930011,11.628094624279965,13.774316770665108,12.926529673802968,7.11787005803769,6.237303628583125,12.508599952943603,14.314662266255366,11.6660969607981,11.901443490056648,12.15512779564546,10.240166515530639
119,12.474607257166252,0.0,7.3474300761606735,7.3516165884449025,6.6712447692714605,11.082668487252848,4.561606151381925,11.295091561733168,10.821586069659816,5.58610241997409,7.1175842228309,4.946703111208499,10.061614295770148,7.816316976813819,10.487753823417055,8.292354919643367,19.016872008923702,14.282666293941826,21.486542528327256,19.501635003325998,9.874147328211935,7.8861441993459165,11.986122220858453,9.75265098154859,8.487406815262784,5.192296108560274,13.442791614692783,10.534566741979503,13.816008667472456,5.620814268031349,7.9607855768425635,17.98362372456865,13.636923834854555,13.204308441915284,5.938224369762168,11.707346155572038,14.50014615651491,8.570863542394601,11.985604945470723,6.476429235996133,16.766812230417944,5.973125907950288,3.6737150380803367,10.805950675148976,7.053779187789101,9.508436004461853,6.997201131574473,14.50907835651466,11.005523874371635,6.971350467105629,8.358709425683458,7.242947080697409,5.9459888328543355,14.850812283048416,14.368904297163942,12.796690394353575,10.7506604809964,5.9096879746233775,8.72249869178792,3.73126423383641,7.8611562517900095,6.620501493485865,7.529168015642098,7.859073885581762,8.038836611730597,6.237303628583125,6.517480552025075,12.930941982498432,5.647545780866583,4.224088175358937,8.537239065429498,9.918832221045879
6,14.710942117834673,7.3474300761606735,0.0,5.761758766906519,11.310690416492825,14.567134455448748,9.076145112631648,14.429674027551062,14.426078181050752,8.276054966384214,11.383496368767128,10.53060592475791,11.938785447980212,11.460516781076114,14.721860747523312,12.214140670507625,21.61109051626489,16.943107287121258,24.236420761459172,21.79596436354693,13.137150150184418,11.092861186534055,15.42981326865839,13.298962602778756,12.497439712776298,10.577567729782158,16.694288066645456,12.118210380729586,16.97848445448727,10.091562067025965,12.323494865846632,20.95175217418606,17.001265350933977,16.633762183763317,9.701434045981594,13.766046766268348,16.97136947373993,12.539050982975208,15.80293996057005,11.095910657367986,19.52434495409069,10.079019284061701,3.673715038080336,14.204742246618304,11.941017328470904,13.042301398226705,10.635205675827782,17.71151730046418,14.427793424502953,11.199872753829343,10.04892960044363,10.660316975271535,7.283567227724374,17.71470891958562,17.743567982930028,15.857131896805706,14.108851357905548,6.568446052892373,11.926178960909374,9.376476269439987,11.571900404213261,11.477406827488903,12.380241013334727,8.484697933298813,12.221781901406743,9.81296676872186,10.312066007842814,16.53113028526419,9.960187612979084,8.927434593955127,12.357050638656965,10.897982181773463
56,13.245094120343602,7.3516165884449025,5.761758766906519,0.0,9.050677288204383,12.565251746309055,7.944050998367468,11.831288287584261,12.46054628257345,5.550132033586638,9.744129287968532,8.411598175473825,7.968972834974177,8.956792291485263,11.73891566223477,9.651269747278263,18.799469062252445,15.382117955703052,21.98153171516211,20.317452463156847,11.177528206282036,7.4510014123894805,12.580185221394846,11.118166582136135,10.569300117719912,8.295005803398265,14.178554873222323,10.55186132797093,14.29340438223037,8.653752136134429,9.318977726558128,18.167502405058325,14.45391759523532,14.396384962779505,6.874165414669404,10.990765857581053,15.37547195936589,9.862688690853405,13.324991383412607,9.099054190215943,17.12477310139723,8.148173994201814,5.488705047162183,11.853215593105386,9.2630667906528,10.645318054999409,8.236490796823544,15.082162069644053,12.51032766227346,8.767497486309757,7.691058977851527,9.138844359330125,6.518539422853326,15.531036180692537,15.372142608014574,13.645438176247106,11.515895821829378,2.7750660167933194,8.734726706122338,7.629858234100617,9.508456758854635,9.192584046269767,9.681709943888848,3.9844864174870884,10.201614986717917,8.708354368363365,6.837713926999108,13.30425303789626,8.06957564911126,6.386328341285512,9.998955681498645,10.209424749028676
118,12.371400709860026,6.6712447692714605,11.310690416492825,9.050677288204383,0.0,8.547679175799443,4.458943535790085,7.872902767546706,8.186835748767985,5.870663430151411,4.749155849809983,5.487349211419161,8.065320703744396,4.098990896094334,8.905929366061025,7.708452171240414,15.415101426108334,12.72640000428105,17.923023036324768,17.449297601095125,8.446022102620207,6.279050137008151,7.707550713054168,8.33223222502925,5.753429564454554,2.743674605709581,9.39913434884719,8.816587400891754,10.197681120402263,4.13252398439147,5.088110007548708,13.826941463067165,10.539253129544543,9.491186541054214,5.6763655166805,8.987648353810595,13.07876954060669,7.53915547792812,8.732520439552935,2.3745779249049916,13.461057437702312,3.6150593552339485,8.527744722587538,7.686934469632939,4.512686305823585,7.117237815573054,5.054668670117809,10.368062959137712,8.663930015236785,2.0494954480471668,7.923737755712331,7.121454237232214,6.888172249173837,12.208444314798603,10.545416560178545,9.64568021618552,7.287360952490821,7.105542403300868,5.739984198067793,4.034830977753284,6.185700354930013,4.665859419344296,6.646069113612488,7.589858147791315,6.813722126807278,7.737866281643294,5.215819734570718,9.479584634770953,4.620528003638131,4.721605679623924,5.084933406588296,9.871111214063552
103,12.918498062888135,11.082668487252848,14.567134455448748,12.565251746309055,8.547679175799443,0.0,8.606243187452169,5.8081828825852435,3.8131631320726136,9.82493737955224,7.669862720010104,10.920927837715087,11.404018182943927,8.73515313658375,13.436523543481927,10.771034666841492,14.331976193308812,12.658049442280438,18.41631368224606,18.840561864171104,6.459249031444067,10.011246846092453,8.934642827482312,9.841547115059784,3.8349313600050525,9.414722073565006,11.271967038873854,11.350329735799749,7.165988096654406,7.893448744603361,10.307848657998797,13.566035989868025,12.17933743800301,10.8250499226204,9.568226305797875,11.301599285469884,14.255406810322825,10.694352583932856,11.39287814393693,7.765705788700215,13.79617898000527,8.361331430556868,12.410370314366821,2.9040914412926213,9.439956973123017,8.585172447366011,5.5081752707152996,10.116118434010462,6.924892010948091,8.3953813620595,9.995173603538797,9.204659198718549,7.283567227724373,12.842393015599745,9.691579056895797,10.205867642249022,8.005519760713291,10.931902011203796,6.261509536257852,9.378182922421466,9.039486537720984,5.460463918857542,11.805098895299885,11.31779391362911,9.494057102352379,10.293328419148972,10.211940245082223,11.151901774702164,6.81068948425692,9.89463211186342,4.3675765682918755,12.838149133194303
102,11.958554433818815,4.561606151381925,9.076145112631648,7.944050998367468,4.458943535790085,8.606243187452169,0.0,8.884121282012703,8.485069412897461,5.4330499623682345,4.069680522598062,5.904821214118455,9.437408586821471,4.592732419355486,10.618098582373317,7.588116976871641,17.39518727285197,12.704349138713436,19.44264983342716,18.288102248833198,8.174064161962281,7.107302878197681,10.091135756800414,8.25986386241875,5.532464382428523,4.454974205426792,10.903228776594794,9.129375580716571,11.70378552555482,2.034840261299031,6.6894555547929055,15.876361146547298,11.770575075591083,10.746044387797866,5.369119020834699,9.988260873084707,13.45437830424504,8.278334340166507,10.345327845015284,3.547339592461234,15.121904973494896,2.2963662096777426,6.1722077259209875,8.250076925589838,5.83801906863514,8.443342952765331,5.055928049191166,12.014997915109884,8.790299197171517,4.03574685455065,7.28710014002177,5.979277216909407,5.017127105503366,13.130681086341179,11.919849453839497,10.79351665872356,8.697593636425983,6.21385529937455,6.887751568287072,2.9524106070592278,6.571279321411069,4.9649271371279955,7.9537670685090625,7.759521991624111,6.965944322727928,6.557719181112464,6.449059853578625,11.792384780180925,4.239476084368718,4.711495270815144,5.33896819233741,9.468343643447401
110,13.430165936089864,11.295091561733168,14.429674027551062,11.831288287584261,7.872902767546706,5.8081828825852435,8.884121282012703,0.0,5.280837642749649,10.207371300464283,8.494720959552268,9.920001889298858,10.537872880310598,7.1285111199152675,11.446942400387456,10.991471259269465,13.463522294207142,13.239708415055235,18.34251311563312,18.993803784024053,8.082714561582717,9.649935585290377,7.887849978455902,10.333755733454252,6.183925755792693,8.52448047645445,10.628133186792365,11.201813118315041,7.493285332929191,8.450051637598454,8.291820782037137,13.061828617619394,12.222048749305882,11.06761219607902,9.888381977866471,10.835896401977156,14.58959941797595,9.81612053288494,10.863293589114548,7.837909208615806,13.459714162753762,7.719996314842625,12.4258243502651,2.9040914412926213,8.42767437461034,8.000775445313277,6.390933308858024,9.17125655781656,7.884128204701446,7.2248669742379406,9.923821971852178,9.690032403225395,8.241655714035147,13.050345960138467,9.962118753651172,9.496901892012026,7.378948888267499,10.695041575757154,6.031383365665357,8.941492930485719,9.105662449712018,6.021133342775213,10.206684522556229,10.470766050371768,9.340173349703853,10.727081088268424,9.184289681571531,9.356362614004881,5.647545780866584,9.555320409561594,4.816596777005905,12.873384237621503
51,12.949261501043244,10.821586069659816,14.426078181050752,12.46054628257345,8.186835748767985,3.8131631320726136,8.485069412897461,5.280837642749649,0.0,10.03888618902332,7.044874065940884,10.233434183841783,11.50468082507442,8.34312165238676,12.519399030739278,10.585998637787393,14.245658110353746,12.558516634414138,18.21249095991859,18.58536384051572,7.027794475999435,9.970064101139132,8.693399179428875,9.676011651875456,4.168756805383584,8.851326287294347,10.953389378637704,11.092892160921338,7.575493953073292,7.528130703190784,9.539482524112682,13.381743452751953,11.94267385355248,10.433146348006606,9.576009869640389,11.076239712847787,14.101028430647238,10.142221718066278,10.899221818227812,7.258694425975643,13.576658646642151,8.094982591405408,12.211185290274,3.5749101444722635,8.521273934287196,8.34340426799067,5.019443094511659,9.781568879162776,6.279258317207069,8.007218471501139,9.86602192667922,9.169958132150475,7.633847052306752,12.711886470505476,9.106245479959297,9.821423119905472,7.862534826949256,10.969103581906673,5.75234041253721,8.924296088525908,8.893308586733735,5.4603139034550585,10.962947080288084,11.310849449195059,9.03384954649835,10.173057194746917,9.907825383670753,10.546521865834704,6.371986526122334,9.631039430422835,4.795646036695058,12.56971458509765
98,11.836653876185899,5.58610241997409,8.276054966384214,5.550132033586638,5.870663430151411,9.82493737955224,5.4330499623682345,10.207371300464283,10.03888618902332,0.0,6.873892937778243,6.322747834678508,6.65037627090334,7.16587392861435,10.456433320542187,7.673678782500508,16.732175884198877,13.530652075907632,19.848900591157392,18.47559530988119,8.751913316421934,5.36172355298031,9.889836271174556,8.928454161125208,7.561957470134965,5.44914344677297,11.915946788377944,9.186127987923342,11.700263533978706,5.85180682505925,7.627160992336605,15.771066517609885,12.13179550097483,11.781452938102559,3.8368393912502534,9.570500300286158,13.528356887224422,8.08560356482822,10.84260266689481,5.934553588403368,14.859510890465408,5.929636815037029,6.029314293143872,9.587813337223624,6.90818420923565,8.073089234125739,5.01944309451166,12.844169685982123,10.124218772008987,6.221477922800168,6.912949254403915,7.004316340832715,5.427788555073537,13.37705394608241,12.824014135816713,11.514246823545218,8.893465904374962,2.775066016793319,6.278053042836603,5.102044457331274,7.001617182222313,6.1997258921167,8.00712270582803,4.651838674790896,7.8688323716373025,6.837506933115118,4.661212090770492,11.226905794826262,5.983536680676994,3.1613739173392528,7.407013349290432,9.281936128648288
88,12.512300729479922,7.1175842228309,11.383496368767128,9.744129287968532,4.749155849809983,7.669862720010104,4.069680522598062,8.494720959552268,7.044874065940884,6.873892937778243,0.0,7.251464810317803,9.6895691787257,5.1442263271402044,11.058153893803173,7.7039711321514615,16.560673529178548,12.42197254585172,18.089996801118335,17.533684853922406,8.122212370663627,7.335605986893966,9.433920527469363,8.097137422981126,3.834931360005052,5.481000022670613,9.807191765683461,9.031332354059437,10.732658829037907,2.034840261299031,7.225173171010465,14.577592491780704,10.679322986261669,9.044998400559168,6.211235879298154,9.502688345220493,13.201641132804383,8.948492452014802,9.513143446975807,2.3745779249049916,14.177143722029337,4.029811938723503,8.75361726330295,7.553793223463269,5.529076946901586,8.48808583861029,4.821360636113132,10.751380719389987,7.908143982832889,4.506477704787551,8.091621626996616,7.127989093273567,6.415219427267253,12.40184600573516,10.272069445512903,9.980182805047233,8.352303190355737,7.962301077752627,6.218486995679093,5.084908291500431,7.161926174876622,5.088084296706766,8.768705706055156,8.862379545801424,7.337250978085386,8.043934410590468,7.270510448013698,11.386895870345116,5.432805106746419,6.318448224241814,4.85481248293169,9.987043177685223
123,12.7738369098663,4.946703111208499,10.53060592475791,8.411598175473825,5.487349211419161,10.920927837715087,5.904821214118455,9.920001889298858,10.233434183841783,6.322747834678508,7.251464810317803,0.0,9.027829020892659,6.705033546412224,6.494014153896355,7.653093528464153,17.282244719759706,14.086776777839631,19.941510959517153,18.789145149931443,9.97481273348078,6.872221100250869,10.246323924538034,9.34017709421155,8.439105688992084,2.7436746057095798,11.85901147009146,10.36473527949084,12.554677944643926,6.291641506315092,4.625479291263862,16.122164178709706,12.201033221089558,11.971290847514819,5.8781080165242106,10.649529917837667,14.155948713564715,6.582314428619409,9.970755479758578,5.975679987267035,15.362368859526587,5.885481836320511,7.361085804789645,10.020119962393043,4.099669374276807,8.435791122420264,6.866975222682531,12.803249648695619,10.59014365236079,5.7735436710673484,8.685835810465667,7.954065340983252,7.875900674131358,13.86796098276397,12.971885388427667,11.641651984488332,9.545853183334895,6.903989471727341,7.7474522128915275,2.9524106070592273,7.6405540704180215,5.460463918857544,3.247007076948178,7.762229598312208,7.043388388919817,7.410562325492919,4.51391451044633,10.090399452691752,5.43538234442457,3.1613739173392545,7.9395431082433525,10.639398604696481
53,13.802539062829526,10.061614295770148,11.938785447980212,7.968972834974177,8.065320703744396,11.404018182943927,9.437408586821471,10.537872880310598,11.50468082507442,6.65037627090334,9.6895691787257,9.027829020892659,0.0,8.605459941696092,9.6909603147154,9.551616793446545,15.05073918947485,14.982960118062431,19.406954523805084,18.835904973009146,10.888478295827852,4.7758083967232725,9.294123740709454,10.79798992930317,9.86220017324548,8.108501532363686,12.027776115842043,10.617495848803006,11.266623497386522,9.345353977402775,7.862222182304034,14.60587463568973,12.437041261453391,12.387365390310281,7.280735364128577,9.9634467846538,14.660837012774207,9.103169603107418,11.38638772932924,8.592435867688133,14.170618586273411,8.734186456243313,10.41101137852887,10.588458371257913,7.958048721928722,8.571467840590289,7.943411341273593,12.638290134192156,11.789584487119473,8.084011246876518,9.21110323312101,10.199785618880492,9.123747189840882,13.981163817087905,13.098476081081257,11.946878041999367,9.063475074589487,6.794484888276238,5.752340412537211,8.75022630792288,9.461334601239429,8.715503288080878,8.784369605622185,3.984486417487089,10.1678943428711,10.342588015277139,4.513914510446329,9.571404855507843,8.616649592053275,7.271197675919699,9.109174533547687,11.39723393759712
9,12.91348602879505,7.816316976813819,11.460516781076114,8.956792291485263,4.098990896094334,8.73515313658375,4.592732419355486,7.1285111199152675,8.34312165238676,7.16587392861435,5.1442263271402044,6.705033546412224,8.605459941696092,0.0,9.416961011037237,8.417346295950532,15.860796677447121,12.871532343272793,17.96379849093919,17.697924166643936,8.933566634749857,7.045884181196256,8.647367276257501,8.774929039263963,6.056094771076113,4.8323752203624615,8.981899245469595,8.95375495111274,10.6104901102659,4.431427862587528,4.70848050551862,14.102684871589569,10.840814044833548,9.631643904227246,6.810242095485586,8.981322733972435,13.500991154749677,8.268853407300018,9.187589493640614,3.999221813566635,13.875845685669875,2.2963662096777426,9.095215544705919,7.424657463733475,5.196192616653117,8.119081592872824,5.94002567794273,10.131382761282842,8.843807261072971,2.0494954480471668,7.98735552655403,7.6271816688204,7.125504967626343,12.51523256934279,10.640919171928612,9.582533576826954,7.789794355126478,7.621413731010878,6.2242581594613835,4.930375703177215,7.315533815798638,5.55099282830522,7.501683798535027,7.827062186371968,7.463751728457005,8.661553538125844,6.255420339649993,10.075419241198071,4.90514705053863,6.177323608523448,4.367576568291874,10.174181378103674
19,15.407102437281713,10.487753823417055,14.721860747523312,11.73891566223477,8.905929366061025,13.436523543481927,10.618098582373317,11.446942400387456,12.519399030739278,10.456433320542187,11.058153893803173,6.494014153896355,9.6909603147154,9.416961011037237,0.0,10.681070417267982,16.56598202068953,16.19670403750307,19.887182365162005,19.592404855365867,12.932037239874731,9.0106405264998,10.838234685465927,12.122070423312001,11.692081410118506,7.294939925052267,12.704923238592825,12.620046763610539,13.271570262059566,10.647667239025301,4.708480505518618,15.707327851091595,13.249188863929508,13.307118355076161,9.848339708221967,12.07700904773059,15.903144604551487,7.7035512186408575,10.927952978072911,9.755027031469728,15.469177163957747,9.769252188639982,12.242013718502998,12.138887120604473,5.529076946901586,10.089698461017427,10.384669756899799,13.384853735555216,13.042438494026259,8.93291300118644,11.870774747293193,11.80295113402971,12.065915748140524,15.111001668132825,13.899423747650994,12.932759319676327,10.860007083008997,10.764226770114128,9.603937303753257,8.291042773700203,10.958298353854897,9.029923929559425,3.2470070769481767,9.999114678914616,10.131307949004745,11.609562279931549,6.90420463330712,8.282991010344764,9.413711379801779,8.10927393567036,10.7486713006342,13.473371527155475
4,11.658017296167175,8.292354919643367,12.214140670507625,9.651269747278263,7.708452171240414,10.771034666841492,7.588116976871641,10.991471259269465,10.585998637787393,7.673678782500508,7.7039711321514615,7.653093528464153,9.551616793446545,8.417346295950532,10.681070417267982,0.0,16.19685992599886,12.84751370823427,17.804677844864297,17.18745318049506,9.178255797579736,4.7758083967232725,10.0733765528279,6.423756854117135,8.542627286948196,7.174070488491515,10.642115478461484,9.2868116115033,11.739903927501798,7.3705339250865585,8.384432198512068,14.192486363040238,8.902338922432149,10.313431345391033,3.8368393912502543,9.180405563530178,12.567752329007288,8.102630121754428,9.400650616860247,7.331240189709783,13.748520179051777,7.67739025915514,9.771284922420547,10.487138171085332,7.493165308937981,8.668353680886268,7.76399044493723,11.610234707019524,9.956500530158065,7.806122288278645,8.363636763287111,7.809781509719613,8.919072737445537,11.762691769481531,11.472194795157542,10.859067551637507,9.182089102930783,8.26530008519367,8.28003351698134,7.0255214406033915,7.707263599750293,7.581282738805845,8.705429222575821,8.735792095777594,7.887008591485953,7.964439851012564,7.384184975643352,10.93635351856736,7.930512085064623,6.980924599290288,8.62309272536452,10.175012232969395
117,17.597050498192086,19.016872008923702,21.61109051626489,18.799469062252445,15.415101426108334,14.331976193308812,17.39518727285197,13.463522294207142,14.245658110353746,16.732175884198877,16.560673529178548,17.282244719759706,15.05073918947485,15.860796677447121,16.56598202068953,16.19685992599886,0.0,17.015912262902688,18.787841083619167,18.95801698841682,14.690437906016806,14.887013298972995,7.707550713054169,15.319109591611339,15.004133634997139,16.143819774868,14.88621536380404,16.22220947069601,7.165988096654406,16.860713185088276,15.518650943484552,9.393920541809583,15.113205607449004,15.225223942378113,16.01345228633877,15.244821109701116,16.637930722690804,15.254483665291412,15.04704332190744,15.820935798402537,9.47900849420841,16.486522009857158,20.021092501958357,13.597876304287471,15.613236120041336,9.50843600446185,14.705693911862378,13.528220715440634,14.380922694797105,15.504666394950156,16.196551033473277,16.44301089247662,16.82771630058881,15.59559350761897,13.965570774190672,13.421820845300966,8.697593636425985,17.578164921959743,13.477475370099253,17.085594312547357,15.342029860014739,14.907182693938895,16.613573260258736,16.55585278911815,15.636473590584984,17.226283611525673,15.563577421146137,8.282991010344764,15.47769858338814,16.713065581798002,14.470987573229124,17.159743735947693
31,6.113581513376382,14.282666293941826,16.943107287121258,15.382117955703052,12.72640000428105,12.658049442280438,12.704349138713436,13.239708415055235,12.558516634414138,13.530652075907632,12.42197254585172,14.086776777839631,14.982960118062431,12.871532343272793,16.19670403750307,12.84751370823427,17.015912262902688,0.0,15.959366668061094,13.266782164889747,7.555074404117108,13.113561886426819,12.897477490175417,6.423756854117135,11.939811986400981,13.140453500043582,11.380437188394893,11.13706027920465,13.173168089325218,12.398079270399412,13.850451061259484,13.560073161542263,11.429276362683385,11.076614876470101,12.623281686115387,11.174011566497573,6.998652407014794,9.513666428951547,11.276230193642506,12.348874814248596,11.95503189211322,12.58034650485325,15.232712769644294,12.622373001938305,13.332239868807587,12.504301581875943,12.050005553899933,11.440440762110462,6.27925831720707,12.634016359609296,7.691058977851526,7.977244320118391,13.06128625183133,7.611937278276787,11.103384867235706,9.244325200719572,12.240210109478003,14.217702268779282,12.570333995421295,13.084424141735445,7.8361775830981415,12.227635978667498,14.827076443986645,14.651729977725052,7.043388388919815,9.043299239617328,13.823449740800864,14.39893419080674,12.559754947566006,13.444836471625077,11.994813678989539,10.619424708642041
52,18.77200496001837,21.486542528327256,24.236420761459172,21.98153171516211,17.923023036324768,18.41631368224606,19.44264983342716,18.34251311563312,18.21249095991859,19.848900591157392,18.089996801118335,19.941510959517153,19.406954523805084,17.96379849093919,19.887182365162005,17.804677844864297,18.787841083619167,15.959366668061094,0.0,13.821775661218044,17.437101017104528,18.00027423907779,16.66440895074518,15.639351542877137,17.846501013300255,18.75957240217831,8.981899245469597,12.118210380729586,17.167422803429538,18.667933295248968,18.355632668292625,9.393920541809583,8.902338922432149,9.04499840055917,18.459993700006393,10.990765857581053,14.628884710480962,17.73694998989002,9.970755479758576,17.84944674747943,13.496689426407807,18.57643794206029,22.606229636828772,18.148566098197367,18.187999105456395,17.80215958673343,18.375038281384384,9.171256557816559,15.93012933692484,17.825991526427995,17.600913961904304,18.150775337308815,20.254184726221524,9.386002480009187,9.106245479959295,13.173970144440313,17.025030616709582,20.757704695211412,17.918508174660325,19.471094410798493,17.278558203994045,18.400966504142325,19.64787230030582,20.34779295662601,16.630493134597987,19.186606877328487,19.15127795765004,17.482378483113138,19.161546786791778,19.64248130883323,17.65937733480667,16.445569958001222
65,15.193493140348354,19.501635003325998,21.79596436354693,20.317452463156847,17.449297601095125,18.840561864171104,18.288102248833198,18.993803784024053,18.58536384051572,18.47559530988119,17.533684853922406,18.789145149931443,18.835904973009146,17.697924166643936,19.592404855365867,17.18745318049506,18.95801698841682,13.266782164889747,13.821775661218044,0.0,15.848741417902064,17.386534607268853,16.50866013515454,13.944295457295654,17.790214709812037,17.922813137908147,13.094063046392145,13.645576193455575,17.488144679867744,17.798927476711047,18.065703286658206,13.673997299079678,12.80520895341127,12.939234808393262,17.42574956576781,13.458203608753653,7.596746570174177,15.74825639659723,13.138522143299841,17.32961122883833,9.47900849420841,17.848313759766757,20.351725553106334,18.693098450295587,17.750366880767782,16.716750064443712,17.83779348995794,13.848865854582801,14.87556869612987,17.454134802343127,15.337887846794537,15.712946980058955,19.02537950703093,11.083538043544003,13.612674572449574,9.496901892012026,16.470653020874487,19.219059730538586,17.804890125933973,18.30373189466589,15.145864828649344,18.005074484774564,18.918353437419633,19.18121381355455,14.659823404145921,16.330157508402813,18.262974062323305,17.40765429336706,18.402293380106016,18.36288413388854,17.748687852995673,10.897982181773465
1,6.4592490314440685,9.874147328211935,13.137150150184418,11.177528206282036,8.446022102620207,6.459249031444067,8.174064161962281,8.082714561582717,7.027794475999435,8.751913316421934,8.122212370663627,9.97481273348078,10.888478295827852,8.933566634749857,12.932037239874731,9.178255797579736,14.690437906016806,7.555074404117108,17.437101017104528,15.848741417902064,0.0,8.865174769853528,9.174191496799066,5.421725947330684,6.256150364739959,8.825437035691996,10.547797793537026,9.563868471647687,8.798525249096041,7.890009788968269,10.067438170888492,13.102861738177259,10.718899075623698,10.15871137356094,8.105359127005745,9.67976653671459,9.420280932085554,6.718261771740963,10.117248916440824,7.938147847867854,11.985165128931454,8.248555697923498,11.024770636291954,6.715082968044933,9.275412044705913,8.139012250509197,6.148018540024506,10.028929974482372,3.7155668760100036,8.448166635203538,5.644090256737349,4.303121593726085,7.355471058917333,9.20815684112303,9.684910262749918,8.250169335308891,8.103333285309688,9.647049826378836,7.133372777031384,8.627825832923804,4.2738395878997215,6.38691845493315,11.082607236702342,10.289407961070122,5.355249682573848,5.541334243626425,9.415545662665773,11.08671892151006,7.037027548947359,8.834712945979287,6.456743014397525,9.649748373183375
3,11.849108830925713,7.8861441993459165,11.092861186534055,7.4510014123894805,6.279050137008151,10.011246846092453,7.107302878197681,9.649935585290377,9.970064101139132,5.36172355298031,7.335605986893966,6.872221100250869,4.7758083967232725,7.045884181196256,9.0106405264998,4.7758083967232725,14.887013298972995,13.113561886426819,18.00027423907779,17.386534607268853,8.865174769853528,0.0,8.433177325251055,7.491480059031216,7.893756442165227,5.983242966392222,10.303041503976011,8.75669447686958,10.467699307259682,6.929780646578382,6.576342039878036,13.585682746077627,9.703477261902542,10.348840411967089,3.3251881354516697,8.304619993024941,12.792025813646026,7.172991705992553,9.284539995564383,6.401575789410147,13.118908997073763,6.69371505814855,8.895236794896352,9.393583608369903,6.077062371048948,7.1761314367416364,6.235408554430312,11.15587817663124,9.810950858646194,6.350987770999153,7.388442020987748,7.726953546393781,7.6542775490423915,12.004523473667172,11.34822976019328,10.368957309127275,7.773051171754884,5.867858157406822,5.2929993188936955,6.3367073574459285,7.186865552806072,6.626430179434443,7.3257407691315,4.825634873639132,7.745136803360491,7.898884013255495,3.8265467642320763,9.09942106693318,6.764723957382254,5.290885191480311,7.473891126730548,9.690488214867385
8,13.112876606054895,11.986122220858453,15.42981326865839,12.580185221394846,7.707550713054168,8.934642827482312,10.091135756800414,7.887849978455902,8.693399179428875,9.889836271174556,9.433920527469363,10.246323924538034,9.294123740709454,8.647367276257501,10.838234685465927,10.0733765528279,7.707550713054169,12.897477490175417,16.66440895074518,16.50866013515454,9.174191496799066,8.433177325251055,0.0,9.625189258996702,8.349050901191957,8.641122359879851,9.775746988763336,10.537542823640125,4.2738395878997215,9.553761761808191,8.59955564450942,8.961511518162386,10.504098349526217,10.076641059004942,9.215180508736754,9.858238118698978,12.826969155664878,9.239195344466223,9.587954682046774,8.280336764589272,8.724648800547564,9.112117924356703,13.31829379156708,7.911337609359425,8.52422441769124,3.33562238463573,7.842016092990788,9.265441415866727,9.029450284320966,7.93039833872356,10.156308616141049,10.056715211103823,10.290925051684784,11.69307430605444,9.680658590406255,8.785549090627866,2.2294717678950415,10.969684108490055,6.92015480163183,9.73099989835024,8.798525249096041,7.91143678490044,10.034151063948908,10.317207284191344,9.27667611760271,10.90428231633578,8.678048215438297,4.452964683030514,8.428990345290945,9.560529413864447,7.630640638419085,11.685096612677267
10,6.7363173157444365,9.75265098154859,13.298962602778756,11.118166582136135,8.33223222502925,9.841547115059784,8.25986386241875,10.333755733454252,9.676011651875456,8.928454161125208,8.097137422981126,9.34017709421155,10.79798992930317,8.774929039263963,12.122070423312001,6.423756854117135,15.319109591611339,6.423756854117135,15.639351542877137,13.944295457295654,5.421725947330684,7.491480059031216,9.625189258996702,0.0,8.154945952999407,8.414555880110925,8.950968333489879,7.992173588222321,10.696457298913382,7.921737047337715,9.476402103387027,12.303921104059228,7.979683334030547,8.559467243821294,6.765326037953819,7.956414913687051,7.886704948070788,6.067666749652954,8.154639635160349,7.864874050344521,11.167257729935413,8.206038481871445,11.067615893135551,9.663722444737896,8.69962188904955,8.630428997037352,7.8406912079376685,9.569533179361612,5.292999318893696,8.307364513273807,4.825634873639132,4.588017541966561,9.154718805252525,7.542320682343554,9.283509699633134,7.773274479460117,8.706440132933038,9.693527197576746,8.486546634442801,8.307550854240178,4.37483068633815,7.88865087802995,10.322242721024017,10.209259293386156,3.8265467642320763,5.598404193876439,9.030078799471545,11.054497498136907,8.309968773486197,8.572270170966451,8.237231910729337,8.17843966909215
12,12.125012673681788,8.487406815262784,12.497439712776298,10.569300117719912,5.753429564454554,3.8349313600050525,5.532464382428523,6.183925755792693,4.168756805383584,7.561957470134965,3.834931360005052,8.439105688992084,9.86220017324548,6.056094771076113,11.692081410118506,8.542627286948196,15.004133634997139,11.939811986400981,17.846501013300255,17.790214709812037,6.256150364739959,7.893756442165227,8.349050901191957,8.154945952999407,0.0,6.680754294953796,9.84441095704684,9.512663983578946,8.280336764589274,4.303121593726084,8.032480134908413,13.548618716734833,10.792840284228667,9.208156841123028,7.096372619703062,9.711174880616207,13.192546282944212,9.08381245076474,9.76944659572471,4.2738395878997215,13.451999135658506,5.3262487024732605,10.030695625434262,4.247360479776134,6.718261771740961,7.62690599400336,3.4765008359326184,9.708620974996824,6.367082280943464,5.539737017506474,8.245133074955733,7.284249529171842,5.691748184383564,12.027457038900486,9.22032315696149,9.336765662727258,7.22619949042708,8.760460118151384,4.922534160174896,6.495891401011374,7.196947489322165,3.6257324051589013,9.665328825635326,9.413310608211104,7.568321316720184,8.403692452560389,7.991578338222867,10.597474078354402,4.821175453504958,7.362510968400749,2.5721131635701027,10.84310166712428
13,12.27124615187382,5.192296108560274,10.577567729782158,8.295005803398265,2.743674605709581,9.414722073565006,4.454974205426792,8.52448047645445,8.851326287294347,5.44914344677297,5.481000022670613,2.7436746057095798,8.108501532363686,4.8323752203624615,7.294939925052267,7.174070488491515,16.143819774868,13.140453500043582,18.75957240217831,17.922813137908147,8.825437035691996,5.983242966392222,8.641122359879851,8.414555880110925,6.680754294953796,0.0,10.342252628692846,9.222376324122056,11.103088260549537,4.561085761171696,4.014250953714585,14.765720221924926,11.06538674215037,10.44841915862992,5.0851636477528634,9.464005751230353,13.348962431465319,6.523428081674299,8.961511518162386,3.6257324051589013,14.180037793201432,4.0405476054299765,7.4783859754315944,8.498125231989325,3.325366595513919,7.306235189907872,5.3688696850256585,11.32175848548794,9.277912620911218,3.3525167732061116,7.847734165465772,7.033020873621531,6.870998023542155,12.773232827341923,11.49826335309293,10.332272428580815,8.036586401129572,6.445863122452937,6.241591692071604,2.229471767895042,6.386918454933152,4.2738395878997215,4.452964683030514,7.169471889772535,6.363200002140526,7.061710412094792,4.0326603518722,9.397424787638268,4.2330343477495695,2.9353317150757054,6.076075700362075,9.888886150269848
15,13.375299314843474,13.442791614692783,16.694288066645456,14.178554873222323,9.39913434884719,11.271967038873854,10.903228776594794,10.628133186792365,10.953389378637704,11.915946788377944,9.807191765683461,11.85901147009146,12.027776115842043,8.981899245469595,12.704923238592825,10.642115478461484,14.88621536380404,11.380437188394893,8.981899245469597,13.094063046392145,10.547797793537026,10.303041503976011,9.775746988763336,8.950968333489879,9.84441095704684,10.342252628692846,0.0,5.730258390538057,11.089496787055507,10.168093683322533,9.943591182581,7.930398338723561,4.208673147975266,2.5721131635701022,10.625482028874377,4.4783961457426305,10.838173322143327,10.52673509459943,3.3525167732061116,9.307187980095724,10.328375740015888,9.72132491671358,14.704005170125598,10.562834888487032,9.910971220266672,10.523481927378338,10.285351447214294,3.5642555599576338,9.236690951055639,8.961511518162386,10.301480293880012,10.636623464312196,12.240420578069179,6.456743014397525,4.171560826193379,7.212122122027824,9.725829925603383,12.798812901228553,9.961558530909105,11.001888338307518,9.765156949772216,10.199511300913622,11.852533856327803,12.52889764830726,9.244778625051579,11.870117207665539,11.057863783872202,11.085995719852749,10.720921479478433,11.459436522376425,9.20815684112303,10.310715538858814
17,11.728127355848226,10.534566741979503,12.118210380729586,10.55186132797093,8.816587400891754,11.350329735799749,9.129375580716571,11.201813118315041,11.092892160921338,9.186127987923342,9.031332354059437,10.36473527949084,10.617495848803006,8.95375495111274,12.620046763610539,9.2868116115033,16.22220947069601,11.13706027920465,12.118210380729586,13.645576193455575,9.563868471647687,8.75669447686958,10.537542823640125,7.992173588222321,9.512663983578946,9.222376324122056,5.730258390538057,0.0,12.026788732237167,8.849556847810454,9.87663228784476,10.805545258132446,6.107070335253811,5.691748184383564,8.401998104307149,2.8808793834532604,10.206115912125705,9.437296986803652,5.265302962378957,8.602904650295498,11.6116025099034,8.74553116398485,10.743271264163626,10.895942089839144,9.478638104592886,9.831491902312354,8.861365186760356,7.214837013775529,9.171373891845212,8.645839402250283,7.6508533101146785,8.642654618098417,9.208156841123028,7.355471058917335,7.213039090525377,8.10247109516761,9.879506781113308,9.495386829932592,9.208817354844257,9.309666458105642,8.329327911380258,9.397456839672431,11.081678749497668,9.806139188329912,8.131519202529722,9.238997635185978,9.471222389376022,11.941728942493041,9.291613608112094,9.268875733711317,9.242517586571621,6.9108878306090205
20,13.671887353872942,13.816008667472456,16.97848445448727,14.29340438223037,10.197681120402263,7.165988096654406,11.70378552555482,7.493285332929191,7.575493953073292,11.700263533978706,10.732658829037907,12.554677944643926,11.266623497386522,10.6104901102659,13.271570262059566,11.739903927501798,7.165988096654406,13.173168089325218,17.167422803429538,17.488144679867744,8.798525249096041,10.467699307259682,4.2738395878997215,10.696457298913382,8.280336764589274,11.103088260549537,11.089496787055507,12.026788732237167,0.0,11.042812399717397,11.053902031842345,9.20815684112303,11.705607061553536,11.096990112638691,11.074268327140734,11.34521807356157,13.735621414010941,11.053634657462874,11.25851709443055,10.195720306359974,9.420280932085552,10.931937167545772,15.035934715023616,6.731761147103572,10.728074361034976,5.541334243626425,8.482177121456505,9.556302556266674,8.719584167672167,10.202311929909007,11.391421990734914,11.233779136423179,10.805545258132446,12.35813142063205,9.650417111767881,9.528962124273434,4.303121593726084,12.763142105363253,7.685898555845454,11.772108501380782,10.353439676948849,8.641122359879853,12.50336765833527,12.236951210239145,10.768789528285065,12.247340246077767,11.040966780820296,6.718261771740963,9.571882622723647,11.715962081020377,7.9303983387235615,13.352380077101387
21,12.068213287673219,5.620814268031349,10.091562067025965,8.653752136134429,4.13252398439147,7.893448744603361,2.034840261299031,8.450051637598454,7.528130703190784,5.85180682505925,2.034840261299031,6.291641506315092,9.345353977402775,4.431427862587528,10.647667239025301,7.3705339250865585,16.860713185088276,12.398079270399412,18.667933295248968,17.798927476711047,7.890009788968269,6.929780646578382,9.553761761808191,7.921737047337715,4.303121593726084,4.561085761171696,10.168093683322533,8.849556847810454,11.042812399717397,0.0,6.658483055194783,15.104368512685497,11.05244830969628,9.721324916713579,5.4371748376414475,9.533763456190249,13.172366423218818,8.376311444584031,9.727398333716481,2.2294717678950424,14.515203484010812,2.5721131635701022,7.2952317861157505,7.64337659555587,5.309049291186658,8.217557168758294,4.501487367751478,11.21764709053015,8.109468276373086,3.762608417026398,7.426136923972576,6.25615036473996,5.387274585296201,12.608319086285054,10.938854417114031,10.193696603938541,8.280336764589274,6.84576826792796,6.238170901949706,3.6257324051589017,6.564820967718032,4.596626671232777,8.12008191342601,8.0768435348944,6.858515963557767,7.050794702804952,6.563899199093051,11.4114106618752,4.42760539229826,5.188440318213705,4.679350159221521,9.516023670771125
22,13.412631165939807,7.9607855768425635,12.323494865846632,9.318977726558128,5.088110007548708,10.307848657998797,6.6894555547929055,8.291820782037137,9.539482524112682,7.627160992336605,7.225173171010465,4.625479291263862,7.862222182304034,4.70848050551862,4.708480505518618,8.384432198512068,15.518650943484552,13.850451061259484,18.355632668292625,18.065703286658206,10.067438170888492,6.576342039878036,8.59955564450942,9.476402103387027,8.032480134908413,4.014250953714585,9.943591182581,9.87663228784476,11.053902031842345,6.658483055194783,0.0,14.164503017531917,11.15178634490987,10.61857772661068,7.0366758865947405,9.544074817630015,13.979399005898046,6.4567430143975235,8.930072218435038,5.779911338295533,13.919320354829427,5.309049291186658,9.701810870836905,8.892090351510511,2.5721131635701022,7.854359413863294,7.028004470430804,10.896321600341276,10.098973992435257,4.4529646830305145,8.954707255596064,8.75054222147935,8.718358978133312,13.050552485189149,11.447348251856932,10.361989095487237,8.193932895638946,8.050308934320007,6.581695223433975,4.9350996701236385,8.039333320633457,5.83152939681471,3.352516773206112,7.645443724523833,7.550212357275578,9.09573715219751,4.607534476408639,7.9303983387235615,5.845462008597766,5.458024981001184,6.718261771740962,10.970554445460307
23,15.581284769928525,17.98362372456865,20.95175217418606,18.167502405058325,13.826941463067165,13.566035989868025,15.876361146547298,13.061828617619394,13.381743452751953,15.771066517609885,14.577592491780704,16.122164178709706,14.60587463568973,14.102684871589569,15.707327851091595,14.192486363040238,9.393920541809583,13.560073161542263,9.393920541809583,13.673997299079678,13.102861738177259,13.585682746077627,8.961511518162386,12.303921104059228,13.548618716734833,14.765720221924926,7.930398338723561,10.805545258132446,9.20815684112303,15.104368512685497,14.164503017531917,0.0,8.09842996299943,8.280336764589272,14.503629463680118,9.39973453112622,12.536616774751039,13.616298699478488,8.64112235987985,14.007377920878247,6.910887830609021,14.839103212543842,19.175430595860735,12.995791724933063,14.108241692510477,10.743271264163624,13.73695706807122,6.731761147103571,11.918231243628826,13.81428911720243,14.064653415256954,14.548741633967861,16.076575327558785,8.798525249096043,7.122829055176872,9.412950596871738,9.72132491671358,16.783663186943922,12.77152675417737,15.724973199905865,13.368525863810303,13.862326245356071,15.581370544843702,15.994334207603128,13.125949907669709,15.626567829152433,14.705524527597087,9.943591182581002,14.666842577885705,15.631093161031314,13.129577352412598,13.935962292487098
29,12.841227762892984,13.636923834854555,17.001265350933977,14.45391759523532,10.539253129544543,12.17933743800301,11.770575075591083,12.222048749305882,11.94267385355248,12.13179550097483,10.679322986261669,12.201033221089558,12.437041261453391,10.840814044833548,13.249188863929508,8.902338922432149,15.113205607449004,11.429276362683385,8.902338922432149,12.80520895341127,10.718899075623698,9.703477261902542,10.504098349526217,7.979683334030547,10.792840284228667,11.06538674215037,4.208673147975266,6.107070335253811,11.705607061553536,11.05244830969628,11.15178634490987,8.09842996299943,0.0,3.85198556607573,9.924450295578698,4.825634873639131,10.330764490010193,10.529689768794734,3.826546764232076,10.340371253746628,10.312108320004253,11.079780937069268,14.966902666357822,11.850047296537955,10.68755260168233,10.80633991943524,10.941167736848694,5.495735629634733,9.858946366587336,10.492812837846266,10.517588022518874,10.76893810910147,12.870092867575758,5.8290086480835885,5.2929993188936955,8.15381999059124,10.384102060706994,13.051708951938128,10.750084038462271,11.618480806174821,9.98617066810761,10.898810478042604,12.31503364385786,12.88106100378902,9.494075253609045,11.684496331161325,11.462860868604949,11.54846546364921,11.652352136244119,11.748555307975924,10.670240377414597,10.379893270281931
35,13.140050373413002,13.204308441915284,16.633762183763317,14.396384962779505,9.491186541054214,10.8250499226204,10.746044387797866,11.06761219607902,10.433146348006606,11.781452938102559,9.044998400559168,11.971290847514819,12.387365390310281,9.631643904227246,13.307118355076161,10.313431345391033,15.225223942378113,11.076614876470101,9.04499840055917,12.939234808393262,10.15871137356094,10.348840411967089,10.076641059004942,8.559467243821294,9.208156841123028,10.44841915862992,2.5721131635701022,5.691748184383564,11.096990112638691,9.721324916713579,10.61857772661068,8.280336764589272,3.85198556607573,0.0,10.38573123136547,4.872064643984266,10.59866983021125,10.748277070660903,3.6257324051589026,8.961511518162386,10.476832475890529,9.942319617283989,14.560965652270358,10.55476791197332,9.943591182581,10.614624228462025,9.931353334102239,4.247360479776134,8.737384328623012,9.339441178994452,10.28694611428974,10.407566519774184,11.995062465274131,6.2561503647399626,3.522437032970443,7.400457622895001,9.899208148920033,12.858004326763684,9.902487656860849,10.985349738514525,9.649294482265468,10.021481376641033,12.233255771794633,12.824789614011653,9.131937408980908,11.601869938393433,11.313880356747925,11.654847979631993,10.794819462549265,11.448272092286498,9.26819345841673,10.163016543925956
38,11.10344697005981,5.938224369762168,9.701434045981594,6.874165414669404,5.6763655166805,9.568226305797875,5.369119020834699,9.888381977866471,9.576009869640389,3.8368393912502534,6.211235879298154,5.8781080165242106,7.280735364128577,6.810242095485586,9.848339708221967,3.8368393912502543,16.01345228633877,12.623281686115387,18.459993700006393,17.42574956576781,8.105359127005745,3.3251881354516697,9.215180508736754,6.765326037953819,7.096372619703062,5.0851636477528634,10.625482028874377,8.401998104307149,11.074268327140734,5.4371748376414475,7.0366758865947405,14.503629463680118,9.924450295578698,10.38573123136547,0.0,8.556624605537346,12.480427990315098,7.126953306603943,9.393923343947693,5.45542555555238,13.79101515460617,5.685958183152309,7.1549970947629715,9.286106788648803,6.100322220477587,7.4455507617164365,5.2929993188936955,11.625996126050522,9.278713152211292,5.924510937408728,6.64441924752164,6.348640074989103,6.307458841163068,11.997162516856413,11.546079831379298,10.513195398546738,8.184186674860884,4.825634873639131,6.266188315974277,4.793022852462912,6.284181821602848,5.764970775060286,7.431548928284218,5.852819558487659,6.88043437533566,6.353783525282213,4.837892768611293,10.397224845613499,5.884431158228626,3.826546764232076,7.063246487214711,8.95104851983509
42,11.963001717866982,11.707346155572038,13.766046766268348,10.990765857581053,8.987648353810595,11.301599285469884,9.988260873084707,10.835896401977156,11.076239712847787,9.570500300286158,9.502688345220493,10.649529917837667,9.9634467846538,8.981322733972435,12.07700904773059,9.180405563530178,15.244821109701116,11.174011566497573,10.990765857581053,13.458203608753653,9.67976653671459,8.304619993024941,9.858238118698978,7.956414913687051,9.711174880616207,9.464005751230353,4.4783961457426305,2.8808793834532604,11.34521807356157,9.533763456190249,9.544074817630015,9.39973453112622,4.825634873639131,4.872064643984266,8.556624605537346,0.0,10.218011978204265,9.22708390782832,4.205799087736913,8.93872664520097,10.812599386246305,9.216369073085819,12.23874244388368,10.68352243047529,9.354513604561133,9.711998099548902,9.05229098671055,5.91564414379213,9.1837751125629,8.747603037415233,7.979683334030547,9.256761131658836,10.274470469539049,6.622547060171801,6.230273141286725,7.686273613268265,9.509827963922048,9.924450295578696,8.825375843658925,9.89303760112036,8.583864376592865,9.526418567907939,10.912848507479218,9.703477261902542,8.338236683040359,10.059012153233628,9.27178275431191,10.978224766574298,9.764452318148757,9.61817013205295,9.226019030473521,8.157672973258151
45,7.596746570174177,14.50014615651491,16.97136947373993,15.37547195936589,13.07876954060669,14.255406810322825,13.45437830424504,14.58959941797595,14.101028430647238,13.528356887224422,13.201641132804383,14.155948713564715,14.660837012774207,13.500991154749677,15.903144604551487,12.567752329007288,16.637930722690804,6.998652407014794,14.628884710480962,7.596746570174177,9.420280932085554,12.792025813646026,12.826969155664878,7.886704948070788,13.192546282944212,13.348962431465319,10.838173322143327,10.206115912125705,13.735621414010941,13.172366423218818,13.979399005898046,12.536616774751039,10.330764490010193,10.59866983021125,12.480427990315098,10.218011978204265,0.0,9.796202427682934,10.38179228696439,12.924014481823397,8.798525249096043,13.280633685492367,15.350720765039835,14.12808444740518,13.528709346111146,12.374454872669329,12.873729547259265,11.371824509527075,9.191353771009684,13.132595167631532,9.140062830360613,9.144051124416603,13.877018808455013,6.910887830609021,11.112962188181598,6.715082968044932,12.380322373791454,14.213015078550997,13.183328568188577,13.490324731997047,8.724648800547563,13.114384752831198,14.700591525153783,14.484353901125496,8.664680591370564,9.750817501662997,13.68539691570852,14.009191034664164,13.403751397338914,13.479962054077182,13.178428118114896,7.355471058917336
46,7.7035512186408575,8.570863542394601,12.539050982975208,9.862688690853405,7.53915547792812,10.694352583932856,8.278334340166507,9.81612053288494,10.142221718066278,8.08560356482822,8.948492452014802,6.582314428619409,9.103169603107418,8.268853407300018,7.7035512186408575,8.102630121754428,15.254483665291412,9.513666428951547,17.73694998989002,15.74825639659723,6.718261771740963,7.172991705992553,9.239195344466223,6.067666749652954,9.08381245076474,6.523428081674299,10.52673509459943,9.437296986803652,11.053634657462874,8.376311444584031,6.4567430143975235,13.616298699478488,10.529689768794734,10.748277070660903,7.126953306603943,9.22708390782832,9.796202427682934,0.0,8.918921697907193,7.925816735240829,12.26791847382957,7.948526925823985,10.091955634414102,9.845250258546468,6.256150364739961,7.9163837468600065,7.676328172632295,11.016617529019467,7.5669128537120995,7.642379825965821,5.893967285812951,5.309049291186657,9.096600288612278,9.943591182581002,11.21643086814421,9.054874674894394,8.658343410070627,8.580432111063175,7.731543111111019,6.871107112374231,4.452964683030514,7.002239213579916,6.3869184549331495,8.613595678151734,4.160412970140706,5.243876911708528,6.536195821917905,8.798525249096043,7.281015639473186,6.660153082111111,8.502695563793406,9.157055962975026
50,12.584259015622376,11.985604945470723,15.80293996057005,13.324991383412607,8.732520439552935,11.39287814393693,10.345327845015284,10.863293589114548,10.899221818227812,10.84260266689481,9.513143446975807,9.970755479758578,11.38638772932924,9.187589493640614,10.927952978072911,9.400650616860247,15.04704332190744,11.276230193642506,9.970755479758576,13.138522143299841,10.117248916440824,9.284539995564383,9.587954682046774,8.154639635160349,9.76944659572471,8.961511518162386,3.3525167732061116,5.265302962378957,11.25851709443055,9.727398333716481,8.930072218435038,8.64112235987985,3.826546764232076,3.6257324051589026,9.393923343947693,4.205799087736913,10.38179228696439,8.918921697907193,0.0,8.81701680918939,10.472131415685864,9.510284259332227,13.535052141462913,10.7457276581699,8.624925239217859,9.727474701544036,9.642755075107068,4.960000944649428,9.140247086225841,8.72547565315878,9.654117938642928,9.845960367577598,11.692516424585792,6.38691845493315,5.116717091920892,7.424608428067929,9.543140228022754,11.826145719655516,9.546308745324957,9.72132491671358,8.890857957405467,9.208156841123031,9.943591182581,11.735692499131904,7.979683334030547,10.587974021759132,9.70347726190254,10.213172593945231,9.946766480073348,9.9244502955787,9.382377708941023,9.613054775638663
54,12.213353029082079,6.476429235996133,11.095910657367986,9.099054190215943,2.3745779249049916,7.765705788700215,3.547339592461234,7.837909208615806,7.258694425975643,5.934553588403368,2.3745779249049916,5.975679987267035,8.592435867688133,3.999221813566635,9.755027031469728,7.331240189709783,15.820935798402537,12.348874814248596,17.84944674747943,17.32961122883833,7.938147847867854,6.401575789410147,8.280336764589272,7.864874050344521,4.2738395878997215,3.6257324051589013,9.307187980095724,8.602904650295498,10.195720306359974,2.2294717678950424,5.779911338295533,14.007377920878247,10.340371253746628,8.961511518162386,5.45542555555238,8.93872664520097,12.924014481823397,7.925816735240829,8.81701680918939,0.0,13.618264037925398,3.0025653831724237,8.308760575534796,7.241253792002409,4.452964683030513,7.464095212554151,4.331163417907452,10.291056220209416,7.947489664014821,2.5721131635701022,7.647964432869974,6.7173692143549575,6.217906263019068,12.074242342578165,10.13518575257098,9.52276102325846,7.469583575830124,7.1627414673082805,5.492711464595867,3.928034668197006,6.256150364739962,4.265067718605749,7.4088863461192975,7.9015972206428495,6.67026313176122,7.526692990669318,5.8646337070324135,10.204084519617032,4.449011672124603,5.046736941499388,4.36740834769173,9.641126163225646
58,13.431217665855627,16.766812230417944,19.52434495409069,17.12477310139723,13.461057437702312,13.79617898000527,15.121904973494896,13.459714162753762,13.576658646642151,14.859510890465408,14.177143722029337,15.362368859526587,14.170618586273411,13.875845685669875,15.469177163957747,13.748520179051777,9.47900849420841,11.95503189211322,13.496689426407807,9.47900849420841,11.985165128931454,13.118908997073763,8.724648800547564,11.167257729935413,13.451999135658506,14.180037793201432,10.328375740015888,11.6116025099034,9.420280932085552,14.515203484010812,13.919320354829427,6.910887830609021,10.312108320004253,10.476832475890529,13.79101515460617,10.812599386246305,8.798525249096043,12.26791847382957,10.472131415685864,13.618264037925398,0.0,14.329419178425086,17.82321062399231,13.31598598663642,13.768541362022889,9.750817501662997,13.318053648210418,9.876756479668726,11.144287270177017,13.515515115054097,12.607058834522059,12.991653203917076,15.255063048265393,9.653086251324593,10.015959065356487,6.731761147103571,9.144051124416599,15.790201627640402,12.62840549478957,14.953944800924779,11.93884202020342,13.54074589906704,15.07003167200653,15.203815653803773,11.825957139345114,13.851275884325839,14.072276995542586,9.796202427682934,14.115600430359997,14.778681788128905,13.128636596788681,10.805545258132446
59,12.231487031931016,5.973125907950288,10.079019284061701,8.148173994201814,3.6150593552339485,8.361331430556868,2.2963662096777426,7.719996314842625,8.094982591405408,5.929636815037029,4.029811938723503,5.885481836320511,8.734186456243313,2.2963662096777426,9.769252188639982,7.67739025915514,16.486522009857158,12.58034650485325,18.57643794206029,17.848313759766757,8.248555697923498,6.69371505814855,9.112117924356703,8.206038481871445,5.3262487024732605,4.0405476054299765,9.72132491671358,8.74553116398485,10.931937167545772,2.5721131635701022,5.309049291186658,14.839103212543842,11.079780937069268,9.942319617283989,5.685958183152309,9.216369073085819,13.280633685492367,7.948526925823985,9.510284259332227,3.0025653831724237,14.329419178425086,0.0,7.425378726997011,7.504755565440616,5.026742922470199,7.958106891461018,5.0149635071113705,10.873327366032319,8.512804805377062,2.2294717678950424,7.292224668109835,6.4567430143975235,5.7182947588658255,12.619414338986514,11.062670931737413,9.944303798538634,7.9303983387235615,6.5632061297397515,6.149630711033111,3.3525167732061125,6.563236678354612,4.739062529603644,7.3821092803954915,7.447364918880123,6.8441717772675394,7.330743312047257,5.923430639538493,10.72445374254203,3.967809818996036,4.990537000836437,4.303121593726083,9.555545576445722
60,13.13459705991758,3.6737150380803367,3.673715038080336,5.488705047162183,8.527744722587538,12.410370314366821,6.1722077259209875,12.4258243502651,12.211185290274,6.029314293143872,8.75361726330295,7.361085804789645,10.41101137852887,9.095215544705919,12.242013718502998,9.771284922420547,20.021092501958357,15.232712769644294,22.606229636828772,20.351725553106334,11.024770636291954,8.895236794896352,13.31829379156708,11.067615893135551,10.030695625434262,7.4783859754315944,14.704005170125598,10.743271264163626,15.035934715023616,7.2952317861157505,9.701810870836905,19.175430595860735,14.966902666357822,14.560965652270358,7.1549970947629715,12.23874244388368,15.350720765039835,10.091955634414102,13.535052141462913,8.308760575534796,17.82321062399231,7.425378726997011,0.0,12.073750617032395,9.092615996150224,10.805545258132447,8.218152440811483,15.767352908432176,12.294112706646619,8.574512017460453,8.481056685804143,8.339972304061035,5.541334243626426,15.927416193625902,15.721120365671796,13.932184909044217,11.99258152057129,5.053539905112571,9.780679006946396,6.117527100554717,9.184614641291505,8.618861384977206,9.564684369961943,7.306256804832516,9.669603987589634,7.3554710589173355,7.804610615978776,14.378719774393751,7.21483701377553,5.9392611064221885,9.964657219006401,9.750817501662999
62,12.85281010271635,10.805950675148976,14.204742246618304,11.853215593105386,7.686934469632939,2.9040914412926213,8.250076925589838,2.9040914412926213,3.5749101444722635,9.587813337223624,7.553793223463269,10.020119962393043,10.588458371257913,7.424657463733475,12.138887120604473,10.487138171085332,13.597876304287471,12.622373001938305,18.148566098197367,18.693098450295587,6.715082968044933,9.393583608369903,7.911337609359425,9.663722444737896,4.247360479776134,8.498125231989325,10.562834888487032,10.895942089839144,6.731761147103572,7.64337659555587,8.892090351510511,12.995791724933063,11.850047296537955,10.55476791197332,9.286106788648803,10.68352243047529,14.12808444740518,9.845250258546468,10.7457276581699,7.241253792002409,13.31598598663642,7.504755565440616,12.073750617032395,0.0,8.463775422945119,7.773355114703122,5.211359187986011,9.208156841123031,6.828107816689906,7.273707335708251,9.526758202429527,8.993191445236054,7.214837013775529,12.616875481822932,9.388903569616943,9.420280932085554,7.12985761204447,10.416882971670496,5.418329667780227,8.690026368013664,8.595286828109817,4.960000944649429,10.64587419313279,10.508613289921273,8.958472645112767,10.103350543754487,9.267346069004146,9.875194690702948,5.541334243626425,9.282790489926109,3.5642555599576338,12.523469980336955
66,12.899517263997119,7.053779187789101,11.941017328470904,9.2630667906528,4.512686305823585,9.439956973123017,5.83801906863514,8.42767437461034,8.521273934287196,6.90818420923565,5.529076946901586,4.099669374276807,7.958048721928722,5.196192616653117,5.529076946901586,7.493165308937981,15.613236120041336,13.332239868807587,18.187999105456395,17.750366880767782,9.275412044705913,6.077062371048948,8.52422441769124,8.69962188904955,6.718261771740961,3.325366595513919,9.910971220266672,9.478638104592886,10.728074361034976,5.309049291186658,2.5721131635701022,14.108241692510477,10.68755260168233,9.943591182581,6.100322220477587,9.354513604561133,13.528709346111146,6.256150364739961,8.624925239217859,4.452964683030513,13.768541362022889,5.026742922470199,9.092615996150224,8.463775422945119,0.0,7.506937873339466,5.913776313567065,10.807523146539177,9.260198684535785,4.413835759347875,8.52197893349709,8.030457652481676,7.924644451699254,12.668993093272352,10.898807444869526,10.141965506580023,7.954851936306396,7.685227148292534,5.906090436165717,4.090006041485701,7.424153338157987,4.810755876913051,3.6257324051589013,7.661027405198607,6.904247565935939,8.317013687735933,4.43773478385869,8.280336764589272,5.338162113526642,4.719201625097727,6.243466793536658,10.491219852147696
67,11.925839634058772,9.508436004461853,13.042301398226705,10.645318054999409,7.117237815573054,8.585172447366011,8.443342952765331,8.000775445313277,8.34340426799067,8.073089234125739,8.48808583861029,8.435791122420264,8.571467840590289,8.119081592872824,10.089698461017427,8.668353680886268,9.50843600446185,12.504301581875943,17.80215958673343,16.716750064443712,8.139012250509197,7.1761314367416364,3.33562238463573,8.630428997037352,7.62690599400336,7.306235189907872,10.523481927378338,9.831491902312354,5.541334243626425,8.217557168758294,7.854359413863294,10.743271264163624,10.80633991943524,10.614624228462025,7.4455507617164365,9.711998099548902,12.374454872669329,7.9163837468600065,9.727474701544036,7.464095212554151,9.750817501662997,7.958106891461018,10.805545258132447,7.773355114703122,7.506937873339466,0.0,6.496058289578395,10.312744542052485,8.576473132972616,7.354376141183469,8.699872934158895,8.426511114393522,8.297774056686462,11.894293838209462,10.50432928006572,9.029945995143141,2.2808030756909616,9.030381594349452,6.200952155837882,7.906299870791798,7.6274159234549295,6.528186018865691,8.714312278655703,8.80456113080294,8.009416018576793,8.798525249096041,7.207002996674213,5.2438769117085275,6.73176114710357,7.627213500119016,7.1229636283977475,10.296099436455558
68,11.344605115404988,6.997201131574473,10.635205675827782,8.236490796823544,5.054668670117809,5.5081752707152996,5.055928049191166,6.390933308858024,5.019443094511659,5.01944309451166,4.821360636113132,6.866975222682531,7.943411341273593,5.94002567794273,10.384669756899799,7.76399044493723,14.705693911862378,12.050005553899933,18.375038281384384,17.83779348995794,6.148018540024506,6.235408554430312,7.842016092990788,7.8406912079376685,3.4765008359326184,5.3688696850256585,10.285351447214294,8.861365186760356,8.482177121456505,4.501487367751478,7.028004470430804,13.73695706807122,10.941167736848694,9.931353334102239,5.2929993188936955,9.05229098671055,12.873729547259265,7.676328172632295,9.642755075107068,4.331163417907452,13.318053648210418,5.0149635071113705,8.218152440811483,5.211359187986011,5.913776313567065,6.496058289578395,0.0,10.253344983516996,6.765326037953819,5.120191267724154,6.882500929662017,6.432688457782141,4.321278251774482,12.04466711780234,9.924450295578698,9.451153740566637,6.727688003288669,6.230273141286725,3.3251881354516697,5.257580259120265,6.233937873735241,2.988478802297686,8.182621974443835,7.042204923195387,6.824197482620722,7.065867809048929,5.895009924943889,9.66651227781642,3.6066123675833226,5.116717091920892,3.7062413377810457,9.842825943016612
72,13.50062282991559,14.50907835651466,17.71151730046418,15.082162069644053,10.368062959137712,10.116118434010462,12.014997915109884,9.17125655781656,9.781568879162776,12.844169685982123,10.751380719389987,12.803249648695619,12.638290134192156,10.131382761282842,13.384853735555216,11.610234707019524,13.528220715440634,11.440440762110462,9.171256557816559,13.848865854582801,10.028929974482372,11.15587817663124,9.265441415866727,9.569533179361612,9.708620974996824,11.32175848548794,3.5642555599576338,7.214837013775529,9.556302556266674,11.21764709053015,10.896321600341276,6.731761147103571,5.495735629634733,4.247360479776134,11.625996126050522,5.91564414379213,11.371824509527075,11.016617529019467,4.960000944649428,10.291056220209416,9.876756479668726,10.873327366032319,15.767352908432176,9.208156841123031,10.807523146539177,10.312744542052485,10.253344983516996,0.0,8.593736222992186,10.043425287150054,10.955604071085885,11.294323344548559,12.448554015105676,6.715082968044933,2.6404188213748245,6.910887830609022,9.38287430633536,13.730300885672344,9.726937514202682,12.059227165983065,10.325642075878841,10.16429341664881,12.68840811870284,13.331273873654215,9.889091121125393,12.549347760757302,11.8932487291658,10.60545107699288,10.743271264163626,12.427938815400172,9.13316261397882,11.574906031462357
78,7.943584905905846,11.005523874371635,14.427793424502953,12.51032766227346,8.663930015236785,6.924892010948091,8.790299197171517,7.884128204701446,6.279258317207069,10.124218772008987,7.908143982832889,10.59014365236079,11.789584487119473,8.843807261072971,13.042438494026259,9.956500530158065,14.380922694797105,6.27925831720707,15.93012933692484,14.87556869612987,3.7155668760100036,9.810950858646194,9.029450284320966,5.292999318893696,6.367082280943464,9.277912620911218,9.236690951055639,9.171373891845212,8.719584167672167,8.109468276373086,10.098973992435257,11.918231243628826,9.858946366587336,8.737384328623012,9.278713152211292,9.1837751125629,9.191353771009684,7.5669128537120995,9.140247086225841,7.947489664014821,11.144287270177017,8.512804805377062,12.294112706646619,6.828107816689906,9.260198684535785,8.576473132972616,6.765326037953819,8.593736222992186,0.0,8.511044207287258,6.230273141286725,5.8679804473015045,8.660676917593175,8.38675970619797,7.979683334030546,7.178430555784621,8.148129460211385,11.03644238796682,7.491480059031215,9.273269266231843,5.551506403864344,7.087733753557628,11.427384533054624,11.483691405077334,5.116717091920891,7.294319152478425,10.256573417602244,10.947608397939808,7.729537069047708,9.865657054415356,6.633837730699906,9.795706607103584
81,12.478157190801006,6.971350467105629,11.199872753829343,8.767497486309757,2.0494954480471668,8.3953813620595,4.03574685455065,7.2248669742379406,8.007218471501139,6.221477922800168,4.506477704787551,5.7735436710673484,8.084011246876518,2.0494954480471668,8.93291300118644,7.806122288278645,15.504666394950156,12.634016359609296,17.825991526427995,17.454134802343127,8.448166635203538,6.350987770999153,7.93039833872356,8.307364513273807,5.539737017506474,3.3525167732061116,8.961511518162386,8.645839402250283,10.202311929909007,3.762608417026398,4.4529646830305145,13.81428911720243,10.492812837846266,9.339441178994452,5.924510937408728,8.747603037415233,13.132595167631532,7.642379825965821,8.72547565315878,2.5721131635701022,13.515515115054097,2.2294717678950424,8.574512017460453,7.273707335708251,4.413835759347875,7.354376141183469,5.120191267724154,10.043425287150054,8.511044207287258,0.0,7.687086741599257,7.088305420869313,6.701450395057185,12.191724563595265,10.393125325619662,9.393168618756846,7.25898279939814,7.077210499950383,5.625297549754922,4.01170801594443,6.456743014397525,4.70015437607361,6.78397491493684,7.4319575479746955,6.845930758569494,7.9528680708056605,5.382109063653024,9.564929026149585,4.3016789418016685,5.101569561181436,4.2738395878997215,9.812031903021683
83,6.873995227517885,8.358709425683458,10.04892960044363,7.691058977851527,7.923737755712331,9.995173603538797,7.28710014002177,9.923821971852178,9.86602192667922,6.912949254403915,8.091621626996616,8.685835810465667,9.21110323312101,7.98735552655403,11.870774747293193,8.363636763287111,16.196551033473277,7.691058977851526,17.600913961904304,15.337887846794537,5.644090256737349,7.388442020987748,10.156308616141049,4.825634873639132,8.245133074955733,7.847734165465772,10.301480293880012,7.6508533101146785,11.391421990734914,7.426136923972576,8.954707255596064,14.064653415256954,10.517588022518874,10.28694611428974,6.64441924752164,7.979683334030547,9.140062830360613,5.893967285812951,9.654117938642928,7.647964432869974,12.607058834522059,7.292224668109835,8.481056685804143,9.526758202429527,8.52197893349709,8.699872934158895,6.882500929662017,10.955604071085885,6.230273141286725,7.687086741599257,0.0,3.798034147117429,6.8841767248520735,9.509203372859876,10.983695814012576,8.756447768269389,9.059078973654383,6.76532603795382,7.6159034587338965,7.4535936095188795,4.093388122770499,7.606375834553414,9.881116508569223,7.491480059031216,4.205799087736913,4.433504287844753,7.731019275695284,11.533162582873226,7.230515856356908,7.184846589519689,7.923064227704692,7.0249469196220735
85,5.979277216909409,7.242947080697409,10.660316975271535,9.138844359330125,7.121454237232214,9.204659198718549,5.979277216909407,9.690032403225395,9.169958132150475,7.004316340832715,7.127989093273567,7.954065340983252,10.199785618880492,7.6271816688204,11.80295113402971,7.809781509719613,16.44301089247662,7.977244320118391,18.150775337308815,15.712946980058955,4.303121593726085,7.726953546393781,10.056715211103823,4.588017541966561,7.284249529171842,7.033020873621531,10.636623464312196,8.642654618098417,11.233779136423179,6.25615036473996,8.75054222147935,14.548741633967861,10.76893810910147,10.407566519774184,6.348640074989103,9.256761131658836,9.144051124416603,5.309049291186657,9.845960367577598,6.7173692143549575,12.991653203917076,6.4567430143975235,8.339972304061035,8.993191445236054,8.030457652481676,8.426511114393522,6.432688457782141,11.294323344548559,5.8679804473015045,7.088305420869313,3.798034147117429,0.0,6.792179541805976,9.721324916713582,11.128597485943416,8.955756240561106,8.798525249096043,7.654310577426095,7.808486356941927,6.3869184549331495,2.2294717678950438,6.646787720203447,9.526035403183768,8.826149751531053,3.7205471638692544,2.280803075690962,7.9546192147869785,11.6718975005672,6.425241773481097,6.794815404432318,7.2369952678566545,7.842417661120257
86,11.772822666496886,5.9459888328543355,7.283567227724374,6.518539422853326,6.888172249173837,7.283567227724373,5.017127105503366,8.241655714035147,7.633847052306752,5.427788555073537,6.415219427267253,7.875900674131358,9.123747189840882,7.125504967626343,12.065915748140524,8.919072737445537,16.82771630058881,13.06128625183133,20.254184726221524,19.02537950703093,7.355471058917333,7.6542775490423915,10.290925051684784,9.154718805252525,5.691748184383564,6.870998023542155,12.240420578069179,9.208156841123028,10.805545258132446,5.387274585296201,8.718358978133312,16.076575327558785,12.870092867575758,11.995062465274131,6.307458841163068,10.274470469539049,13.877018808455013,9.096600288612278,11.692516424585792,6.217906263019068,15.255063048265393,5.7182947588658255,5.541334243626426,7.214837013775529,7.924644451699254,8.297774056686462,4.321278251774482,12.448554015105676,8.660676917593175,6.701450395057185,6.8841767248520735,6.792179541805976,0.0,13.649858375661099,12.301630100506188,11.16932547655044,8.861357970341883,5.317436506943832,6.137570494858876,5.906264430086408,7.400016645559275,5.265302962378956,9.657381227706216,6.854992887273632,8.167263005031732,6.933477613252192,7.229167510774547,12.073576077107871,4.443541685139727,5.9792194280233755,5.730258390538057,9.420280932085552
87,9.386002480009187,14.850812283048416,17.71470891958562,15.531036180692537,12.208444314798603,12.842393015599745,13.130681086341179,13.050345960138467,12.711886470505476,13.37705394608241,12.40184600573516,13.86796098276397,13.981163817087905,12.51523256934279,15.111001668132825,11.762691769481531,15.59559350761897,7.611937278276787,9.386002480009187,11.083538043544003,9.20815684112303,12.004523473667172,11.69307430605444,7.542320682343554,12.027457038900486,12.773232827341923,6.456743014397525,7.355471058917335,12.35813142063205,12.608319086285054,13.050552485189149,8.798525249096043,5.8290086480835885,6.2561503647399626,11.997162516856413,6.622547060171801,6.910887830609021,9.943591182581002,6.38691845493315,12.074242342578165,9.653086251324593,12.619414338986514,15.927416193625902,12.616875481822932,12.668993093272352,11.894293838209462,12.04466711780234,6.715082968044933,8.38675970619797,12.191724563595265,9.509203372859876,9.721324916713582,13.649858375661099,0.0,6.474630750521623,7.5091295816821,11.496544100669748,14.225974032157831,12.059978417805132,13.177664262404583,8.961511518162386,12.19864885485886,14.134648975448117,14.229085748985248,8.690319066453858,10.743271264163624,13.172745254586761,12.929598371842316,12.788053183570897,13.252874103480307,11.903920666571988,9.978068360154435
90,13.308345692812418,14.368904297163942,17.743567982930028,15.372142608014574,10.545416560178545,9.691579056895797,11.919849453839497,9.962118753651172,9.106245479959297,12.824014135816713,10.272069445512903,12.971885388427667,13.098476081081257,10.640919171928612,13.899423747650994,11.472194795157542,13.965570774190672,11.103384867235706,9.106245479959295,13.612674572449574,9.684910262749918,11.34822976019328,9.680658590406255,9.283509699633134,9.22032315696149,11.49826335309293,4.171560826193379,7.213039090525377,9.650417111767881,10.938854417114031,11.447348251856932,7.122829055176872,5.2929993188936955,3.522437032970443,11.546079831379298,6.230273141286725,11.112962188181598,11.21643086814421,5.116717091920892,10.13518575257098,10.015959065356487,11.062670931737413,15.721120365671796,9.388903569616943,10.898807444869526,10.50432928006572,9.924450295578698,2.6404188213748245,7.979683334030546,10.393125325619662,10.983695814012576,11.128597485943416,12.301630100506188,6.474630750521623,0.0,7.216870096664489,9.639079518354713,13.88085235354157,9.703477261902542,12.102048684982003,10.290580589673361,10.063875563824157,13.045644505576645,13.71350757438659,9.806536749692038,12.364658561201411,12.22883963755198,11.203018954968982,10.99817425914267,12.504730684738163,9.19250823442097,11.458775731110434
93,10.743121049855993,12.796690394353575,15.857131896805706,13.645438176247106,9.64568021618552,10.205867642249022,10.79351665872356,9.496901892012026,9.821423119905472,11.514246823545218,9.980182805047233,11.641651984488332,11.946878041999367,9.582533576826954,12.932759319676327,10.859067551637507,13.421820845300966,9.244325200719572,13.173970144440313,9.496901892012026,8.250169335308891,10.368957309127275,8.785549090627866,7.773274479460117,9.336765662727258,10.332272428580815,7.212122122027824,8.10247109516761,9.528962124273434,10.193696603938541,10.361989095487237,9.412950596871738,8.15381999059124,7.400457622895001,10.513195398546738,7.686273613268265,6.715082968044932,9.054874674894394,7.424608428067929,9.52276102325846,6.731761147103571,9.944303798538634,13.932184909044217,9.420280932085554,10.141965506580023,9.029945995143141,9.451153740566637,6.910887830609022,7.178430555784621,9.393168618756846,8.756447768269389,8.955756240561106,11.16932547655044,7.5091295816821,7.216870096664489,0.0,8.524934209033601,12.316125205197078,9.300790466600215,10.830387943299456,8.12182303928156,9.488268093829255,11.867986658088068,12.189618819920305,7.802786981273398,10.033992770341412,10.897364531461543,10.251479363221817,9.750817501662995,11.138163465109423,8.883502516528521,7.214837013775531
95,12.275319552943095,10.7506604809964,14.108851357905548,11.515895821829378,7.287360952490821,8.005519760713291,8.697593636425983,7.378948888267499,7.862534826949256,8.893465904374962,8.352303190355737,9.545853183334895,9.063475074589487,7.789794355126478,10.860007083008997,9.182089102930783,8.697593636425985,12.240210109478003,17.025030616709582,16.470653020874487,8.103333285309688,7.773051171754884,2.2294717678950415,8.706440132933038,7.22619949042708,8.036586401129572,9.725829925603383,9.879506781113308,4.303121593726084,8.280336764589274,8.193932895638946,9.72132491671358,10.384102060706994,9.899208148920033,8.184186674860884,9.509827963922048,12.380322373791454,8.658343410070627,9.543140228022754,7.469583575830124,9.144051124416599,7.9303983387235615,11.99258152057129,7.12985761204447,7.954851936306396,2.2808030756909616,6.727688003288669,9.38287430633536,8.148129460211385,7.25898279939814,9.059078973654383,8.798525249096043,8.861357970341883,11.496544100669748,9.639079518354713,8.524934209033601,0.0,9.90726020593951,6.236473117446964,8.641122359879853,7.9769455939223,6.912970679044777,9.694765518703576,9.565829106372698,8.418058461652883,9.707014417272003,8.139995239871272,5.309049291186657,7.2882110555112884,8.666847140096534,6.580949497395746,10.789116421306495
105,12.250243067920428,5.9096879746233775,6.568446052892373,2.7750660167933194,7.105542403300868,10.931902011203796,6.21385529937455,10.695041575757154,10.969103581906673,2.775066016793319,7.962301077752627,6.903989471727341,6.794484888276238,7.621413731010878,10.764226770114128,8.26530008519367,17.578164921959743,14.217702268779282,20.757704695211412,19.219059730538586,9.647049826378836,5.867858157406822,10.969684108490055,9.693527197576746,8.760460118151384,6.445863122452937,12.798812901228553,9.495386829932592,12.763142105363253,6.84576826792796,8.050308934320007,16.783663186943922,13.051708951938128,12.858004326763684,4.825634873639131,9.924450295578696,14.213015078550997,8.580432111063175,11.826145719655516,7.1627414673082805,15.790201627640402,6.5632061297397515,5.053539905112571,10.416882971670496,7.685227148292534,9.030381594349452,6.230273141286725,13.730300885672344,11.03644238796682,7.077210499950383,6.76532603795382,7.654310577426095,5.317436506943832,14.225974032157831,13.88085235354157,12.316125205197078,9.90726020593951,0.0,7.0819283335894605,5.867009950645026,7.875005089086504,7.332742317509657,8.439417594498465,3.3251881354516697,8.677254417009815,7.320688289712534,5.151662212698941,11.992593127158804,6.5390664307152555,4.205799087736912,8.349879600389999,9.353734794381962
113,12.083348409276267,8.72249869178792,11.926178960909374,8.734726706122338,5.739984198067793,6.261509536257852,6.887751568287072,6.031383365665357,5.75234041253721,6.278053042836603,6.218486995679093,7.7474522128915275,5.752340412537211,6.2242581594613835,9.603937303753257,8.28003351698134,13.477475370099253,12.570333995421295,17.918508174660325,17.804890125933973,7.133372777031384,5.2929993188936955,6.92015480163183,8.486546634442801,4.922534160174896,6.241591692071604,9.961558530909105,9.208817354844257,7.685898555845454,6.238170901949706,6.581695223433975,12.77152675417737,10.750084038462271,9.902487656860849,6.266188315974277,8.825375843658925,13.183328568188577,7.731543111111019,9.546308745324957,5.492711464595867,12.62840549478957,6.149630711033111,9.780679006946396,5.418329667780227,5.906090436165717,6.200952155837882,3.3251881354516697,9.726937514202682,7.491480059031215,5.625297549754922,7.6159034587338965,7.808486356941927,6.137570494858876,12.059978417805132,9.703477261902542,9.300790466600215,6.236473117446964,7.0819283335894605,0.0,6.709347236211845,7.156428914342145,4.449504750272532,8.098534361535986,6.230273141286724,7.707712778546595,8.49356753955394,5.116717091920891,8.266258946196604,4.933052910617261,6.302713531061121,4.460742155095112,10.52890843667363
114,12.015499922207116,3.73126423383641,9.376476269439987,7.629858234100617,4.034830977753284,9.378182922421466,2.9524106070592278,8.941492930485719,8.924296088525908,5.102044457331274,5.084908291500431,2.9524106070592273,8.75022630792288,4.930375703177215,8.291042773700203,7.0255214406033915,17.085594312547357,13.084424141735445,19.471094410798493,18.30373189466589,8.627825832923804,6.3367073574459285,9.73099989835024,8.307550854240178,6.495891401011374,2.229471767895042,11.001888338307518,9.309666458105642,11.772108501380782,3.6257324051589017,4.9350996701236385,15.724973199905865,11.618480806174821,10.985349738514525,4.793022852462912,9.89303760112036,13.490324731997047,6.871107112374231,9.72132491671358,3.928034668197006,14.953944800924779,3.3525167732061125,6.117527100554717,8.690026368013664,4.090006041485701,7.906299870791798,5.257580259120265,12.059227165983065,9.273269266231843,4.01170801594443,7.4535936095188795,6.3869184549331495,5.906264430086408,13.177664262404583,12.102048684982003,10.830387943299456,8.641122359879853,5.867009950645026,6.709347236211845,0.0,6.485611830723229,4.303121593726084,5.309049291186658,7.177357908383164,6.35217456935672,6.3437630020750975,4.718704293410736,10.569840186430755,3.878342552861015,2.716524981184117,6.08717789049628,9.628418282217405
120,6.185700354930011,7.8611562517900095,11.571900404213261,9.508456758854635,6.185700354930013,9.039486537720984,6.571279321411069,9.105662449712018,8.893308586733735,7.001617182222313,7.161926174876622,7.6405540704180215,9.461334601239429,7.315533815798638,10.958298353854897,7.707263599750293,15.342029860014739,7.8361775830981415,17.278558203994045,15.145864828649344,4.2738395878997215,7.186865552806072,8.798525249096041,4.37483068633815,7.196947489322165,6.386918454933152,9.765156949772216,8.329327911380258,10.353439676948849,6.564820967718032,8.039333320633457,13.368525863810303,9.98617066810761,9.649294482265468,6.284181821602848,8.583864376592865,8.724648800547563,4.452964683030514,8.890857957405467,6.256150364739962,11.93884202020342,6.563236678354612,9.184614641291505,8.595286828109817,7.424153338157987,7.6274159234549295,6.233937873735241,10.325642075878841,5.551506403864344,6.456743014397525,4.093388122770499,2.2294717678950438,7.400016645559275,8.961511518162386,10.290580589673361,8.12182303928156,7.9769455939223,7.875005089086504,7.156428914342145,6.485611830723229,0.0,6.342596114775484,8.87063299318536,8.607419425976076,3.2066419836403655,3.33562238463573,7.319291991864914,10.446202728330949,6.3608694204952965,6.611056631844345,6.966990085967814,7.930134586003058
121,11.628094624279965,6.620501493485865,11.477406827488903,9.192584046269767,4.665859419344296,5.460463918857542,4.9649271371279955,6.021133342775213,5.4603139034550585,6.1997258921167,5.088084296706766,5.460463918857544,8.715503288080878,5.55099282830522,9.029923929559425,7.581282738805845,14.907182693938895,12.227635978667498,18.400966504142325,18.005074484774564,6.38691845493315,6.626430179434443,7.91143678490044,7.88865087802995,3.6257324051589013,4.2738395878997215,10.199511300913622,9.397456839672431,8.641122359879853,4.596626671232777,5.83152939681471,13.862326245356071,10.898810478042604,10.021481376641033,5.764970775060286,9.526418567907939,13.114384752831198,7.002239213579916,9.208156841123031,4.265067718605749,13.54074589906704,4.739062529603644,8.618861384977206,4.960000944649429,4.810755876913051,6.528186018865691,2.988478802297686,10.16429341664881,7.087733753557628,4.70015437607361,7.606375834553414,6.646787720203447,5.265302962378956,12.19864885485886,10.063875563824157,9.488268093829255,6.912970679044777,7.332742317509657,4.449504750272532,4.303121593726084,6.342596114775484,0.0,6.7182617717409645,8.02219842032108,6.329024721140221,7.114622671167629,5.702009091471964,9.125451821394847,2.854429896035288,4.91246868977612,3.352516773206112,10.449438822670466
122,13.774316770665108,7.529168015642098,12.380241013334727,9.681709943888848,6.646069113612488,11.805098895299885,7.9537670685090625,10.206684522556229,10.962947080288084,8.00712270582803,8.768705706055156,3.247007076948178,8.784369605622185,7.501683798535027,3.2470070769481767,8.705429222575821,16.613573260258736,14.827076443986645,19.64787230030582,18.918353437419633,11.082607236702342,7.3257407691315,10.034151063948908,10.322242721024017,9.665328825635326,4.452964683030514,11.852533856327803,11.081678749497668,12.50336765833527,8.12008191342601,3.352516773206112,15.581370544843702,12.31503364385786,12.233255771794633,7.431548928284218,10.912848507479218,14.700591525153783,6.3869184549331495,9.943591182581,7.4088863461192975,15.07003167200653,7.3821092803954915,9.564684369961943,10.64587419313279,3.6257324051589013,8.714312278655703,8.182621974443835,12.68840811870284,11.427384533054624,6.78397491493684,9.881116508569223,9.526035403183768,9.657381227706216,14.134648975448117,13.045644505576645,11.867986658088068,9.694765518703576,8.439417594498465,8.098534361535986,5.309049291186658,8.87063299318536,6.7182617717409645,0.0,8.341114817082206,8.098352018751536,9.181836972962474,4.845480157357702,8.641122359879853,6.966894331651264,5.228216660271094,8.873673691916693,11.697060166188736
126,12.926529673802968,7.859073885581762,8.484697933298813,3.9844864174870884,7.589858147791315,11.31779391362911,7.759521991624111,10.470766050371768,11.310849449195059,4.651838674790896,8.862379545801424,7.762229598312208,3.984486417487089,7.827062186371968,9.999114678914616,8.735792095777594,16.55585278911815,14.651729977725052,20.34779295662601,19.18121381355455,10.289407961070122,4.825634873639132,10.317207284191344,10.209259293386156,9.413310608211104,7.169471889772535,12.52889764830726,9.806139188329912,12.236951210239145,8.0768435348944,7.645443724523833,15.994334207603128,12.88106100378902,12.824789614011653,5.852819558487659,9.703477261902542,14.484353901125496,8.613595678151734,11.735692499131904,7.9015972206428495,15.203815653803773,7.447364918880123,7.306256804832516,10.508613289921273,7.661027405198607,8.80456113080294,7.042204923195387,13.331273873654215,11.483691405077334,7.4319575479746955,7.491480059031216,8.826149751531053,6.854992887273632,14.229085748985248,13.71350757438659,12.189618819920305,9.565829106372698,3.3251881354516697,6.230273141286724,7.177357908383164,8.607419425976076,8.02219842032108,8.341114817082206,0.0,9.373013381051479,8.690578192400949,4.205799087736913,10.882616316450122,7.335272228304924,5.563418072674772,8.694938509872562,10.059250248207285
127,7.11787005803769,8.038836611730597,12.221781901406743,10.201614986717917,6.813722126807278,9.494057102352379,6.965944322727928,9.340173349703853,9.03384954649835,7.8688323716373025,7.337250978085386,7.043388388919817,10.1678943428711,7.463751728457005,10.131307949004745,7.887008591485953,15.636473590584984,7.043388388919815,16.630493134597987,14.659823404145921,5.355249682573848,7.745136803360491,9.27667611760271,3.8265467642320763,7.568321316720184,6.363200002140526,9.244778625051579,8.131519202529722,10.768789528285065,6.858515963557767,7.550212357275578,13.125949907669709,9.494075253609045,9.131937408980908,6.88043437533566,8.338236683040359,8.664680591370564,4.160412970140706,7.979683334030547,6.67026313176122,11.825957139345114,6.8441717772675394,9.669603987589634,8.958472645112767,6.904247565935939,8.009416018576793,6.824197482620722,9.889091121125393,5.116717091920891,6.845930758569494,4.205799087736913,3.7205471638692544,8.167263005031732,8.690319066453858,9.806536749692038,7.802786981273398,8.418058461652883,8.677254417009815,7.707712778546595,6.35217456935672,3.2066419836403655,6.329024721140221,8.098352018751536,9.373013381051479,0.0,4.328917596982956,7.491480059031214,10.245165370840137,6.635969619379312,6.765326037953817,7.3380263002727135,7.960852461193891
131,6.237303628583125,6.237303628583125,9.81296676872186,8.708354368363365,7.737866281643294,10.293328419148972,6.557719181112464,10.727081088268424,10.173057194746917,6.837506933115118,8.043934410590468,7.410562325492919,10.342588015277139,8.661553538125844,11.609562279931549,7.964439851012564,17.226283611525673,9.043299239617328,19.186606877328487,16.330157508402813,5.541334243626425,7.898884013255495,10.90428231633578,5.598404193876439,8.403692452560389,7.061710412094792,11.870117207665539,9.238997635185978,12.247340246077767,7.050794702804952,9.09573715219751,15.626567829152433,11.684496331161325,11.601869938393433,6.353783525282213,10.059012153233628,9.750817501662997,5.243876911708528,10.587974021759132,7.526692990669318,13.851275884325839,7.330743312047257,7.3554710589173355,10.103350543754487,8.317013687735933,8.798525249096041,7.065867809048929,12.549347760757302,7.294319152478425,7.9528680708056605,4.433504287844753,2.280803075690962,6.933477613252192,10.743271264163624,12.364658561201411,10.033992770341412,9.707014417272003,7.320688289712534,8.49356753955394,6.3437630020750975,3.33562238463573,7.114622671167629,9.181836972962474,8.690578192400949,4.328917596982956,0.0,7.782503209717734,12.13076467584429,6.715082968044932,6.390593280359284,8.450552333383184,7.919480089778011
133,12.508599952943603,6.517480552025075,10.312066007842814,6.837713926999108,5.215819734570718,10.211940245082223,6.449059853578625,9.184289681571531,9.907825383670753,4.661212090770492,7.270510448013698,4.51391451044633,4.513914510446329,6.255420339649993,6.90420463330712,7.384184975643352,15.563577421146137,13.823449740800864,19.15127795765004,18.262974062323305,9.415545662665773,3.8265467642320763,8.678048215438297,9.030078799471545,7.991578338222867,4.0326603518722,11.057863783872202,9.471222389376022,11.040966780820296,6.563899199093051,4.607534476408639,14.705524527597087,11.462860868604949,11.313880356747925,4.837892768611293,9.27178275431191,13.68539691570852,6.536195821917905,9.70347726190254,5.8646337070324135,14.072276995542586,5.923430639538493,7.804610615978776,9.267346069004146,4.43773478385869,7.207002996674213,5.895009924943889,11.8932487291658,10.256573417602244,5.382109063653024,7.731019275695284,7.9546192147869785,7.229167510774547,13.172745254586761,12.22883963755198,10.897364531461543,8.139995239871272,5.151662212698941,5.116717091920891,4.718704293410736,7.319291991864914,5.702009091471964,4.845480157357702,4.205799087736913,7.491480059031214,7.782503209717734,0.0,8.73719358855248,5.614231158719699,3.325188135451671,7.254741795372607,10.058401853244312
136,14.314662266255366,12.930941982498432,16.53113028526419,13.30425303789626,9.479584634770953,11.151901774702164,11.792384780180925,9.356362614004881,10.546521865834704,11.226905794826262,11.386895870345116,10.090399452691752,9.571404855507843,10.075419241198071,8.282991010344764,10.93635351856736,8.282991010344764,14.39893419080674,17.482378483113138,17.40765429336706,11.08671892151006,9.09942106693318,4.452964683030514,11.054497498136907,10.597474078354402,9.397424787638268,11.085995719852749,11.941728942493041,6.718261771740963,11.4114106618752,7.9303983387235615,9.943591182581002,11.54846546364921,11.654847979631993,10.397224845613499,10.978224766574298,14.009191034664164,8.798525249096043,10.213172593945231,10.204084519617032,9.796202427682934,10.72445374254203,14.378719774393751,9.875194690702948,8.280336764589272,5.2438769117085275,9.66651227781642,10.60545107699288,10.947608397939808,9.564929026149585,11.533162582873226,11.6718975005672,12.073576077107871,12.929598371842316,11.203018954968982,10.251479363221817,5.309049291186657,11.992593127158804,8.266258946196604,10.569840186430755,10.446202728330949,9.125451821394847,8.641122359879853,10.882616316450122,10.245165370840137,12.13076467584429,8.73719358855248,0.0,9.771418403320995,10.19487628052248,9.688331536408247,13.014850464704834
137,11.6660969607981,5.647545780866583,9.960187612979084,8.06957564911126,4.620528003638131,6.81068948425692,4.239476084368718,5.647545780866584,6.371986526122334,5.983536680676994,5.432805106746419,5.43538234442457,8.616649592053275,4.90514705053863,9.413711379801779,7.930512085064623,15.47769858338814,12.559754947566006,19.161546786791778,18.402293380106016,7.037027548947359,6.764723957382254,8.428990345290945,8.309968773486197,4.821175453504958,4.2330343477495695,10.720921479478433,9.291613608112094,9.571882622723647,4.42760539229826,5.845462008597766,14.666842577885705,11.652352136244119,10.794819462549265,5.884431158228626,9.764452318148757,13.403751397338914,7.281015639473186,9.946766480073348,4.449011672124603,14.115600430359997,3.967809818996036,7.21483701377553,5.541334243626425,5.338162113526642,6.73176114710357,3.6066123675833226,10.743271264163626,7.729537069047708,4.3016789418016685,7.230515856356908,6.425241773481097,4.443541685139727,12.788053183570897,10.99817425914267,9.750817501662995,7.2882110555112884,6.5390664307152555,4.933052910617261,3.878342552861015,6.3608694204952965,2.854429896035288,6.966894331651264,7.335272228304924,6.635969619379312,6.715082968044932,5.614231158719699,9.771418403320995,0.0,4.762222293668341,4.018364634934913,10.007939539803681
139,11.901443490056648,4.224088175358937,8.927434593955127,6.386328341285512,4.721605679623924,9.89463211186342,4.711495270815144,9.555320409561594,9.631039430422835,3.1613739173392528,6.318448224241814,3.1613739173392545,7.271197675919699,6.177323608523448,8.10927393567036,6.980924599290288,16.713065581798002,13.444836471625077,19.64248130883323,18.36288413388854,8.834712945979287,5.290885191480311,9.560529413864447,8.572270170966451,7.362510968400749,2.9353317150757054,11.459436522376425,9.268875733711317,11.715962081020377,5.188440318213705,5.458024981001184,15.631093161031314,11.748555307975924,11.448272092286498,3.826546764232076,9.61817013205295,13.479962054077182,6.660153082111111,9.9244502955787,5.046736941499388,14.778681788128905,4.990537000836437,5.9392611064221885,9.282790489926109,4.719201625097727,7.627213500119016,5.116717091920892,12.427938815400172,9.865657054415356,5.101569561181436,7.184846589519689,6.794815404432318,5.9792194280233755,13.252874103480307,12.504730684738163,11.138163465109423,8.666847140096534,4.205799087736912,6.302713531061121,2.716524981184117,6.611056631844345,4.91246868977612,5.228216660271094,5.563418072674772,6.765326037953817,6.390593280359284,3.325188135451671,10.19487628052248,4.762222293668341,0.0,6.99684291069034,9.470020350439013
140,12.15512779564546,8.537239065429498,12.357050638656965,9.998955681498645,5.084933406588296,4.3675765682918755,5.33896819233741,4.816596777005905,4.795646036695058,7.407013349290432,4.85481248293169,7.9395431082433525,9.109174533547687,4.367576568291874,10.7486713006342,8.62309272536452,14.470987573229124,11.994813678989539,17.65937733480667,17.748687852995673,6.456743014397525,7.473891126730548,7.630640638419085,8.237231910729337,2.5721131635701027,6.076075700362075,9.20815684112303,9.242517586571621,7.9303983387235615,4.679350159221521,6.718261771740962,13.129577352412598,10.670240377414597,9.26819345841673,7.063246487214711,9.226019030473521,13.178428118114896,8.502695563793406,9.382377708941023,4.36740834769173,13.128636596788681,4.303121593726083,9.964657219006401,3.5642555599576338,6.243466793536658,7.1229636283977475,3.7062413377810457,9.13316261397882,6.633837730699906,4.2738395878997215,7.923064227704692,7.2369952678566545,5.730258390538057,11.903920666571988,9.19250823442097,8.883502516528521,6.580949497395746,8.349879600389999,4.460742155095112,6.08717789049628,6.966990085967814,3.352516773206112,8.873673691916693,8.694938509872562,7.3380263002727135,8.450552333383184,7.254741795372607,9.688331536408247,4.018364634934913,6.99684291069034,0.0,10.728014488266341
142,10.240166515530639,9.918832221045879,10.897982181773463,10.209424749028676,9.871111214063552,12.838149133194303,9.468343643447401,12.873384237621503,12.56971458509765,9.281936128648288,9.987043177685223,10.639398604696481,11.39723393759712,10.174181378103674,13.473371527155475,10.175012232969395,17.159743735947693,10.619424708642041,16.445569958001222,10.897982181773465,9.649748373183375,9.690488214867385,11.685096612677267,8.17843966909215,10.84310166712428,9.888886150269848,10.310715538858814,6.9108878306090205,13.352380077101387,9.516023670771125,10.970554445460307,13.935962292487098,10.379893270281931,10.163016543925956,8.95104851983509,8.157672973258151,7.355471058917336,9.157055962975026,9.613054775638663,9.641126163225646,10.805545258132446,9.555545576445722,9.750817501662999,12.523469980336955,10.491219852147696,10.296099436455558,9.842825943016612,11.574906031462357,9.795706607103584,9.812031903021683,7.0249469196220735,7.842417661120257,9.420280932085552,9.978068360154435,11.458775731110434,7.214837013775531,10.789116421306495,9.353734794381962,10.52890843667363,9.628418282217405,7.930134586003058,10.449438822670466,11.697060166188736,10.059250248207285,7.960852461193891,7.919480089778011,10.058401853244312,13.014850464704834,10.007939539803681,9.470020350439013,10.728014488266341,0.0
